City_ID,City,Lat,Lng,Max Temp,Humidity,Cloudiness,Wind Speed,Country,Date
0,qui nhon,13.7667,109.2333,297.36,89,100,7.38,VN,1733722989
1,north battleford,52.7834,-108.2847,269.2,93,100,6.17,CA,1733722990
2,basco,20.4487,121.9702,297.87,69,96,11.4,PH,1733722991
3,yarmouth,41.7057,-70.2286,278.15,80,19,0.89,US,1733722992
4,port-aux-francais,-49.35,70.2167,275.29,74,96,10.85,TF,1733722993
5,al jawf,29.5,38.75,285.06,61,0,2.47,SA,1733722994
6,tofol,5.3248,163.0078,302.03,79,75,4.12,FM,1733722995
7,carnarvon,-24.8667,113.6333,298.38,74,58,7.87,AU,1733722996
8,laojunmiao,39.8333,97.7333,265.57,61,100,2.76,CN,1733722997
9,palangkaraya,-2.2,113.8333,303.05,78,96,1.41,ID,1733722998
10,peace river,56.2501,-117.286,270.32,86,100,0.0,CA,1733722826
11,gakem,6.7658,8.9881,295.12,33,100,3.03,NG,1733723001
12,aasiaat,68.7098,-52.8699,258.61,86,82,3.52,GL,1733723002
13,carmarthen,51.8555,-4.3054,281.11,71,100,4.63,GB,1733722911
14,juneau,58.3019,-134.4197,276.15,97,100,4.12,US,1733723004
15,kyzyl-suu,42.3414,78.0056,265.74,88,93,1.11,KG,1733723005
16,haiku-pauwela,20.9219,-156.3051,296.16,76,0,5.81,US,1733723006
17,pocone,-16.2567,-56.6228,297.43,79,100,1.74,BR,1733723007
18,waitangi,-43.9535,-176.5597,289.16,97,100,3.13,NZ,1733723008
19,tolanaro,-25.0319,46.9987,298.19,83,75,6.17,MG,1733723009
20,adamstown,-25.066,-130.1015,296.02,76,2,9.1,PN,1733723010
21,bethel,41.3712,-73.414,277.81,77,0,2.57,US,1733722792
22,ushuaia,-54.8,-68.3,279.96,81,0,1.54,AR,1733723012
23,invercargill,-46.4,168.35,287.6,66,34,7.6,NZ,1733723013
24,kaa-khem,51.6833,94.7333,260.87,91,82,0.78,RU,1733722822
25,grytviken,-54.2811,-36.5092,273.5,78,81,4.32,GS,1733723015
26,saint-pierre,-21.3393,55.4781,301.97,65,0,6.17,RE,1733723016
27,ghat,24.9647,10.1728,284.94,15,24,2.07,LY,1733723018
28,xai-xai,-25.0519,33.6442,302.92,65,28,2.36,MZ,1733723019
29,as sulayyil,20.4607,45.5779,294.41,35,10,1.92,SA,1733723020
30,san patricio,28.017,-97.5169,286.12,86,100,3.79,US,1733723021
31,pangai,-19.8,-174.35,300.21,89,20,5.66,TO,1733723022
32,hadibu,12.65,54.0333,298.98,59,84,7.87,YE,1733723023
33,san antonio de pale,-1.4014,5.6325,299.72,81,100,2.97,GQ,1733723024
34,chrysoupolis,40.9856,24.6939,286.42,93,20,2.57,GR,1733723025
35,talara,-4.5772,-81.2719,293.79,80,74,5.93,PE,1733723026
36,caleta de carquin,-11.0925,-77.6267,292.41,88,84,3.25,PE,1733723027
37,esil,51.9556,66.4042,255.79,96,57,2.15,KZ,1733723028
38,patong,7.8961,98.2966,302.23,70,100,2.57,TH,1733723029
39,blackmans bay,-43.0167,147.3167,291.33,53,44,0.89,AU,1733723030
40,alice springs,-23.7,133.8833,300.9,74,75,2.57,AU,1733723031
41,north bend,43.4065,-124.2243,280.1,93,100,1.54,US,1733723032
42,klyuchi,52.2667,79.1667,255.52,94,95,2.05,RU,1733723033
43,cabo san lucas,22.8909,-109.9124,294.32,39,40,4.63,MX,1733723034
44,puerto natales,-51.7236,-72.4875,279.33,74,100,1.76,CL,1733723035
45,edinburgh of the seven seas,-37.0676,-12.3116,288.32,88,100,5.01,SH,1733723037
46,stanley,54.868,-1.6985,279.0,81,40,5.14,GB,1733722840
47,kavaratti,10.5669,72.642,300.81,78,49,5.14,IN,1733723039
48,arraial do cabo,-22.9661,-42.0278,296.84,92,97,1.1,BR,1733723040
49,jeremoabo,-10.075,-38.4808,293.01,96,15,2.56,BR,1733722859
50,kuching,1.55,110.3333,304.27,77,40,3.09,MY,1733722914
51,kone,-21.0595,164.8658,302.28,60,54,2.54,NC,1733723045
52,dohad,22.8333,74.2667,296.11,11,8,4.12,IN,1733723046
53,atafu village,-8.5421,-172.5159,301.79,68,100,4.77,TK,1733723047
54,espanola,35.9911,-106.0806,279.14,38,64,1.77,US,1733723048
55,chonchi,-42.6128,-73.8092,280.99,96,20,1.0,CL,1733723049
56,labuan,5.2767,115.2417,304.35,66,20,1.54,MY,1733723050
57,margaret river,-33.95,115.0667,296.18,50,0,8.07,AU,1733723051
58,sola,-13.8833,167.55,300.77,77,100,3.95,VU,1733723052
59,el granada,37.5027,-122.4694,288.18,68,0,0.0,US,1733723054
60,bilibino,68.0546,166.4372,246.61,85,91,0.74,RU,1733723055
61,severo-yeniseyskiy,60.3725,93.0408,255.98,92,100,4.56,RU,1733723056
62,udachny,66.4167,112.4,238.42,100,92,1.94,RU,1733723057
63,kirchberg,50.6167,12.5333,274.12,92,100,4.56,DE,1733723058
64,vorgashor,67.5833,63.95,262.82,95,100,7.23,RU,1733723059
65,tura,25.5198,90.2201,297.47,43,47,2.0,IN,1733723060
66,puerto baquerizo moreno,-0.9,-89.6,295.84,84,97,4.98,EC,1733723061
67,hasaki,35.7333,140.8333,284.54,29,1,3.67,JP,1733723062
68,ulsteinvik,62.3432,5.8487,276.35,87,78,0.89,NO,1733723063
69,ust-nera,64.5667,143.2,250.59,98,100,1.4,RU,1733723064
70,west island,-12.1568,96.8225,301.14,83,100,9.77,CC,1733723065
71,hotan,37.0997,79.9269,274.75,39,98,3.95,CN,1733723066
72,onega,63.9061,38.1404,270.29,97,100,3.82,RU,1733722831
73,vorkuta,67.5,64.0,262.92,95,100,7.18,RU,1733723068
74,saurimo,-9.6608,20.3916,293.65,82,90,0.24,AO,1733723069
75,alofi,-19.0595,-169.9187,300.09,83,84,5.14,NU,1733723070
76,esquel,-42.9,-71.3167,277.9,86,42,2.67,AR,1733723049
77,revda,56.801,59.9303,264.82,64,100,4.49,RU,1733723072
78,hithadhoo,-0.6,73.0833,301.01,71,11,7.32,MV,1733723074
79,manggar,-2.8833,108.2667,305.23,57,100,5.24,ID,1733723076
80,colonia,50.9333,6.95,278.69,82,75,3.09,DE,1733722859
81,isafjordur,66.0755,-23.124,275.42,92,99,3.47,IS,1733723078
82,coquimbo,-29.9533,-71.3436,287.0,88,0,0.0,CL,1733722907
83,kalmunai,7.4167,81.8167,301.33,70,98,6.07,LK,1733723080
84,montepuez,-13.1256,38.9997,300.73,59,41,1.83,MZ,1733723081
85,punta arenas,-53.15,-70.9167,282.21,61,0,5.66,CL,1733723082
86,zaozersk,69.4005,32.4476,272.6,80,85,8.35,RU,1733723083
87,badger,64.8,-147.5333,261.1,83,0,0.0,US,1733723084
88,hawaiian paradise park,19.5933,-154.9731,296.88,85,75,1.54,US,1733723085
89,general conesa,-40.1,-64.4333,291.82,43,27,8.98,AR,1733723086
90,dunedin,-45.8742,170.5036,289.89,42,6,5.35,NZ,1733723087
91,bhamo,24.2667,97.2333,300.83,39,24,0.48,MM,1733723088
92,inari,68.906,27.0288,270.33,82,75,4.0,FI,1733723089
93,uturoa,-16.7333,-151.4333,300.23,79,59,8.11,PF,1733723090
94,rundu,-17.9333,19.7667,298.07,47,70,1.23,NA,1733723092
95,itambe,-15.245,-40.6244,290.38,98,4,0.54,BR,1733723093
96,mildura,-34.2,142.15,301.52,39,90,3.95,AU,1733722987
97,fortuna,40.5982,-124.1573,279.46,100,0,3.09,US,1733723096
98,anadyr,64.75,177.4833,256.43,85,75,4.0,RU,1733723097
99,nemuro,43.3236,145.575,273.19,66,29,11.36,JP,1733723098
100,alice town,25.7167,-79.3,295.91,68,79,7.56,BS,1733723099
101,mount gambier,-37.8333,140.7667,291.99,50,0,3.88,AU,1733723100
102,oranjemund,-28.55,16.4333,290.86,78,6,4.48,NA,1733723101
103,new norfolk,-42.7826,147.0587,291.99,60,87,4.62,AU,1733723102
104,sisimiut,66.9395,-53.6735,265.44,75,64,3.75,GL,1733723103
105,remire-montjoly,4.9167,-52.2667,297.17,100,75,1.03,GF,1733723104
106,talnakh,69.4865,88.3972,261.22,96,100,3.9,RU,1733723105
107,ribeira grande,38.5167,-28.7,291.91,88,66,6.26,PT,1733723106
108,papatowai,-46.5619,169.4708,287.16,55,9,8.66,NZ,1733723107
109,puerto ayora,-0.7393,-90.3518,295.68,96,74,1.34,EC,1733723109
110,utrik,11.2278,169.8474,301.02,80,9,8.71,MH,1733723110
111,inarajan village,13.2736,144.7484,303.7,80,83,4.92,GU,1733723111
112,mukalla,14.5425,49.1242,299.89,31,76,2.78,YE,1733723112
113,yellowknife,62.456,-114.3525,258.44,85,75,2.06,CA,1733723113
114,purpe,64.4803,76.6897,260.35,89,100,8.56,RU,1733723114
115,rongelap,11.1635,166.8941,301.1,78,7,8.76,MH,1733723115
116,pisco,-13.7,-76.2167,292.18,82,0,5.14,PE,1733723116
117,vadso,70.0744,29.7487,274.24,80,75,11.32,NO,1733723117
118,georgetown,5.4112,100.3354,304.11,70,20,2.57,MY,1733723114
119,san luis de la loma,17.2706,-100.8939,297.54,78,40,1.52,MX,1733723119
120,hibbing,47.4272,-92.9377,272.88,98,100,3.09,US,1733723120
121,minot air force base,48.4209,-101.3391,274.25,86,100,10.29,US,1733723121
122,whitehorse,60.7161,-135.0538,262.58,85,20,3.6,CA,1733723122
123,ancud,-41.8697,-73.8203,280.34,87,59,1.97,CL,1733723123
124,grand falls-windsor,48.9332,-55.6649,270.65,90,100,3.13,CA,1733723124
125,la passe,45.5549,-0.8967,280.1,84,94,8.22,FR,1733723125
126,seymour,38.9592,-85.8903,283.57,96,100,5.11,US,1733723127
127,qaqortoq,60.7167,-46.0333,267.09,89,100,1.53,GL,1733723128
128,kardla,58.9978,22.7492,270.14,93,20,0.0,EE,1733723129
129,olinda,-8.0089,-34.8553,300.0,74,40,4.63,BR,1733723131
130,luderitz,-26.6481,15.1594,294.48,55,27,7.4,NA,1733723132
131,tondano,1.3038,124.9112,300.2,89,91,0.3,ID,1733723133
132,port elizabeth,-33.918,25.5701,296.66,82,40,5.14,ZA,1733723090
133,lihue,21.9789,-159.3672,295.92,94,75,3.6,US,1733723135
134,necochea,-38.5473,-58.7368,284.2,57,82,6.23,AR,1733722924
135,taoudenni,22.6783,-3.9836,288.68,26,97,2.18,ML,1733723137
136,minas de marcona,-15.2119,-75.1103,287.59,86,100,4.41,PE,1733723138
137,howrah,22.5892,88.3103,298.15,53,40,1.54,IN,1733723052
138,cockburn town,21.4612,-71.1419,298.83,79,77,10.27,TC,1733723140
139,mejit,10.2753,170.8646,301.12,78,3,9.82,MH,1733723141
140,la ronge,55.1001,-105.2842,266.29,86,100,7.72,CA,1733723142
141,praia da vitoria,38.7333,-27.0667,291.29,77,75,5.26,PT,1733723143
142,albany,42.6001,-73.9662,275.33,86,82,0.89,US,1733723011
143,ta`u,-14.2336,-169.5144,298.52,88,100,5.58,AS,1733723146
144,thompson,55.7435,-97.8558,256.24,85,100,1.03,CA,1733723147
145,tiksi,71.6872,128.8694,246.49,99,97,2.65,RU,1733723148
146,bredasdorp,-34.5322,20.0403,293.23,61,62,2.65,ZA,1733723149
147,hammerfest,70.6634,23.6821,275.4,87,75,10.29,NO,1733723150
148,nyala,12.05,24.8833,296.51,23,80,8.46,SD,1733723151
149,puerto deseado,-47.7503,-65.8938,283.12,53,97,3.78,AR,1733722894
150,rio grande,-32.035,-52.0986,288.19,60,0,3.61,BR,1733723016
151,isangel,-19.55,169.2667,300.09,82,45,3.86,VU,1733723154
152,quellon,-43.1167,-73.6167,279.31,88,33,2.19,CL,1733723155
153,richards bay,-28.783,32.0377,298.67,86,100,1.25,ZA,1733723156
154,buston,40.2342,69.6948,271.25,80,75,9.0,TJ,1733723157
155,st. john's,47.5649,-52.7093,276.57,82,75,12.35,CA,1733723116
156,assens,55.2702,9.9008,278.4,81,100,10.76,DK,1733723159
157,patrasaer,23.2167,87.5167,299.42,28,65,2.26,IN,1733723160
158,kokkola,63.8385,23.1307,269.84,98,37,1.03,FI,1733723161
159,sann,26.0418,68.1378,294.14,11,2,3.94,PK,1733723162
160,barreirinhas,-2.7469,-42.8264,299.28,82,99,3.72,BR,1733723163
161,myitkyina,25.3833,97.4,300.3,36,26,0.22,MM,1733723165
162,turpan,42.9333,89.1667,275.31,58,100,1.78,CN,1733723166
163,guajara mirim,-10.7828,-65.3394,296.14,96,100,0.99,BR,1733723167
164,aljezur,37.3191,-8.8033,279.27,81,2,4.97,PT,1733723168
165,jamestown,42.097,-79.2353,275.95,97,100,2.57,US,1733723001
166,mananara,-16.1667,49.7667,302.26,55,86,2.52,MG,1733723170
167,plymouth,41.8334,-70.8328,278.23,79,0,0.0,US,1733723016
168,longyearbyen,78.2186,15.6401,269.06,80,100,9.77,SJ,1733723172
169,iqaluit,63.7506,-68.5145,251.31,69,75,10.8,CA,1733723173
170,lubango,-14.9172,13.4925,289.07,82,99,1.54,AO,1733723174
171,katsuura,35.1333,140.3,283.75,46,7,1.51,JP,1733723175
172,lebu,-37.6167,-73.65,284.73,79,66,7.48,CL,1733723177
173,portland,45.5234,-122.6762,281.27,95,75,0.45,US,1733722982
174,olonkinbyen,70.9221,-8.7187,272.97,98,100,5.67,SJ,1733723182
175,mossel bay,-34.1831,22.146,294.11,70,26,1.33,ZA,1733723183
176,maun,-19.9833,23.4167,297.13,83,0,1.54,BW,1733723037
177,kalecik,40.0972,33.4083,280.19,88,84,0.63,TR,1733723185
178,la union,-5.4,-80.75,293.95,78,89,4.96,PE,1733723186
179,chibougamau,49.9168,-74.3659,258.94,78,100,3.6,CA,1733723187
180,okha,53.5739,142.9478,267.07,83,100,11.63,RU,1733723188
181,ilulissat,69.2167,-51.1,271.16,43,69,6.69,GL,1733723189
182,"laikit, laikit ii (dimembe)",1.4792,124.9735,302.62,74,40,2.57,ID,1733723190
183,college,64.8569,-147.8028,261.14,79,75,0.0,US,1733723191
184,casteljaloux,44.3176,0.0861,279.88,95,98,1.79,FR,1733723192
185,ikot ekpene,5.1794,7.7108,295.87,53,100,1.34,NG,1733723193
186,nyurba,63.2842,118.3319,244.36,99,99,1.77,RU,1733723194
187,williams lake,52.1415,-122.1445,271.91,99,0,1.03,CA,1733723195
188,madang,-5.2246,145.7966,302.71,71,81,3.21,PG,1733723196
189,al mindak,20.1588,41.2834,290.61,15,0,1.85,SA,1733723197
190,hermanus,-34.4187,19.2345,293.6,66,46,1.72,ZA,1733723198
191,saint-philippe,-21.3585,55.7679,299.29,76,27,4.47,RE,1733723200
192,port blair,11.6667,92.75,303.17,74,40,4.63,IN,1733723201
193,el calafate,-50.3408,-72.2768,281.12,56,99,3.2,AR,1733723202
194,keflavik,64.0049,-22.5624,279.39,100,75,2.57,IS,1733723203
195,sitka,57.0531,-135.33,279.09,81,100,1.54,US,1733723204
196,george town,5.4112,100.3354,304.11,70,20,2.57,MY,1733723205
197,nagqu,31.5,92.0,270.77,15,99,4.17,CN,1733723207
198,pomorie,42.5588,27.6439,285.39,94,40,5.14,BG,1733723208
199,papao,-17.75,-149.55,301.97,81,92,9.74,PF,1733723209
200,cavalaire-sur-mer,43.174,6.5272,279.36,74,100,1.19,FR,1733723210
201,lompoc,34.6391,-120.4579,282.38,98,0,4.12,US,1733723211
202,touros,-5.1989,-35.4608,298.93,75,57,6.21,BR,1733723212
203,gore,-46.1028,168.9436,290.0,45,75,5.72,NZ,1733723213
204,dhidhdhoo,6.8833,73.1,300.53,71,37,2.07,MV,1733723214
205,kayangel,8.0823,134.7173,300.22,87,100,10.15,PW,1733723215
206,bubaque,11.2833,-15.8333,299.48,57,100,4.16,GW,1733723216
207,castillos,-34.1667,-53.8333,281.23,81,0,0.54,UY,1733723218
208,wailua homesteads,22.0669,-159.378,295.59,93,75,3.6,US,1733723219
209,kermanshah,34.3142,47.065,280.65,66,75,2.06,IR,1733723220
210,krasnozerskoye,53.9828,79.2374,253.17,97,69,1.22,RU,1733722949
211,bandon,51.7469,-8.7425,275.92,89,7,5.14,IE,1733723222
212,rome,34.257,-85.1647,281.9,91,100,1.54,US,1733723062
213,egilsstadir,65.2653,-14.3948,280.1,76,75,9.77,IS,1733723224
214,wanning,18.8003,110.3967,295.79,79,98,4.9,CN,1733723225
215,hirara,24.8,125.2833,295.07,64,75,5.66,JP,1733723226
216,raduzhny,62.0961,77.475,262.24,87,100,7.34,RU,1733723227
217,aykhal,66.0,111.5,240.16,100,100,2.51,RU,1733723228
218,kailua-kona,19.6406,-155.9956,297.35,83,7,1.13,US,1733723229
219,alotau,-10.3069,150.4462,304.25,58,44,2.17,PG,1733723230
220,chandur,19.7333,79.1833,299.92,33,94,2.42,IN,1733723231
221,floro,61.5996,5.0328,273.13,93,0,3.09,NO,1733723232
222,namtsy,62.7161,129.6658,245.12,99,99,1.41,RU,1733723233
223,iskateley,67.6803,53.1512,267.21,95,100,6.65,RU,1733723234
224,malango,-2.9627,119.9001,297.66,88,80,0.71,ID,1733723240
225,fale old settlement,-9.3852,-171.2468,301.01,74,100,4.64,TK,1733723241
226,bang saphan,11.2126,99.5117,303.53,58,89,4.12,TH,1733723242
227,qamdo,31.1667,97.2333,274.74,14,0,4.75,CN,1733723243
228,al kharijah,25.4514,30.5464,288.68,36,0,3.27,EG,1733723244
229,geita,-2.8708,32.2341,292.83,81,90,0.9,TZ,1733723245
230,akureyri,65.6835,-18.0878,284.11,66,0,11.32,IS,1733723246
231,emkhomazi,-30.2067,30.7978,297.81,84,100,1.16,ZA,1733723272
232,santa cruz,-17.8,-63.1667,294.85,94,75,1.54,BO,1733723243
233,manokwari,-0.8667,134.0833,299.03,90,100,2.3,ID,1733723276
234,zhangye,38.9342,100.4517,268.48,46,97,1.42,CN,1733723277
235,las heras,-46.5419,-68.9359,283.78,61,87,4.98,AR,1733723029
236,mulayjah,27.271,48.4242,295.16,27,98,3.29,SA,1733723279
237,xylokastro,38.0776,22.6317,287.04,58,26,3.04,GR,1733723280
238,kudymkar,59.0173,54.656,266.41,90,99,3.99,RU,1733723281
239,port mathurin,-19.6833,63.4167,298.13,82,92,6.62,MU,1733723282
240,forshaga,59.5254,13.4813,271.44,86,11,4.12,SE,1733723283
241,klaksvik,62.2266,-6.589,280.44,78,60,9.64,FO,1733723284
242,anna regina,7.2644,-58.5077,298.82,83,29,3.62,GY,1733723285
243,montebello,34.0095,-118.1053,286.86,87,100,0.0,US,1733723286
244,port alfred,-33.5906,26.891,297.14,77,71,2.24,ZA,1733723287
245,constantia,44.1833,28.65,284.65,93,72,9.26,RO,1733723288
246,tekeli,44.83,78.8239,262.55,70,10,2.29,KZ,1733723289
247,sao joao da barra,-21.6403,-41.0511,296.79,95,99,3.47,BR,1733723290
248,nikolayevsk-on-amure,53.1406,140.73,261.62,87,99,6.32,RU,1733723292
249,kristiansund,63.1115,7.732,274.89,93,0,1.03,NO,1733723293
250,posto fiscal rolim de moura,-13.0833,-62.2667,295.26,98,100,0.22,BR,1733723294
251,tres passos,-27.4556,-53.9319,288.78,97,69,1.19,BR,1733723295
252,urangan,-25.3,152.9,299.73,75,4,6.93,AU,1733723296
253,awjilah,29.1081,21.2869,287.14,59,20,4.56,LY,1733723297
254,sorab,14.3833,75.1,300.56,64,98,1.43,IN,1733723298
255,itaituba,-4.2761,-55.9836,295.44,96,42,1.05,BR,1733723299
256,iquique,-20.2208,-70.1431,291.48,76,100,1.33,CL,1733723300
257,barisal,22.7019,90.3711,299.2,35,73,2.42,BD,1733723301
258,nadym,65.5333,72.5167,259.84,89,100,7.42,RU,1733723302
259,lerwick,60.1545,-1.1494,277.91,76,94,1.56,GB,1733723303
260,trincomalee,8.5711,81.2335,300.55,71,92,5.38,LK,1733723305
261,andergrove,-21.0833,149.1833,300.76,65,24,4.09,AU,1733723306
262,xam nua,20.4197,104.0439,297.36,52,78,1.2,LA,1733723307
263,lazaro cardenas,17.9583,-102.2,296.55,91,89,1.96,MX,1733723309
264,i-n-salah,27.1935,2.4607,287.2,31,94,1.03,DZ,1733723310
265,east london,-33.0153,27.9116,293.67,100,100,1.54,ZA,1733723114
266,saipan,15.1355,145.701,303.54,77,40,3.6,MP,1733723312
267,beypazari,40.1675,31.9211,281.2,86,92,2.44,TR,1733723313
268,sarikei,2.1167,111.5167,302.91,74,98,1.26,MY,1733723314
269,horta,38.5333,-28.6333,291.49,88,73,6.26,PT,1733723315
270,tara,56.8944,74.371,255.65,93,59,3.07,RU,1733723316
271,broome,42.2506,-75.833,276.36,89,100,0.0,US,1733723317
272,kapuskasing,49.4169,-82.4331,258.15,92,100,1.54,CA,1733723318
273,fort mcmurray,56.7268,-111.381,264.92,86,100,0.0,CA,1733723319
274,bam,29.106,58.357,284.25,23,100,1.7,IR,1733723063
275,santo antonio,-6.3106,-35.4789,295.56,85,9,2.52,BR,1733723323
276,siddipet,18.1,78.85,299.69,62,100,0.29,IN,1733723324
277,fisterra,42.9049,-9.2629,285.84,61,100,11.87,ES,1733723325
278,campos belos,-13.0367,-46.7717,294.12,70,15,0.95,BR,1733723326
279,wenchang,30.904,118.4887,284.57,34,46,2.11,CN,1733723327
280,sovetskaya gavan',48.9723,140.2878,265.02,59,0,6.79,RU,1733723328
281,namibe,-15.1961,12.1522,296.75,81,84,2.88,AO,1733723329
282,warrenton,-28.114,24.8475,300.87,38,12,5.04,ZA,1733723330
283,pemangkat,1.1667,108.9667,302.19,70,97,3.08,ID,1733723331
284,machico,32.7,-16.7667,291.5,73,75,6.69,PT,1733723332
285,happy valley-goose bay,53.3168,-60.3315,257.32,85,100,2.57,CA,1733723333
286,enewetak,11.3474,162.3373,301.11,83,100,7.7,MH,1733723334
287,guerrero negro,27.9769,-114.0611,288.68,77,3,2.95,MX,1733723335
288,petropavlovsk-kamchatsky,53.0452,158.6483,272.48,64,75,3.0,RU,1733723336
289,magdalena,14.1999,121.429,298.62,93,100,4.57,PH,1733723337
290,kruisfontein,-34.0033,24.7314,295.5,59,8,1.52,ZA,1733723339
291,talpa de allende,20.3833,-104.8167,288.73,87,86,2.32,MX,1733723340
292,harper,4.375,-7.7169,298.46,84,54,1.95,LR,1733723341
293,kankan,10.3854,-9.3057,291.9,32,47,1.32,GN,1733723342
294,prince albert,53.2001,-105.7677,270.12,86,100,5.66,CA,1733723343
295,noyabrsk,63.1994,75.4507,260.5,90,100,9.16,RU,1733723344
296,agat village,13.3886,144.6585,303.68,80,40,5.14,GU,1733723345
297,bahia blanca,-38.7196,-62.2724,292.17,31,99,8.48,AR,1733723305
298,antsiranana,-12.2787,49.2917,302.57,58,40,3.09,MG,1733723347
299,chichiriviche,10.9333,-68.2772,299.75,84,60,5.38,VE,1733723348
300,fabens,31.5023,-106.1586,283.87,36,0,4.58,US,1733723349
301,manthani,18.65,79.6667,301.09,61,100,2.14,IN,1733723350
302,polyarnyy,69.1989,33.4478,274.46,81,77,9.16,RU,1733723351
303,keelung,25.1283,121.7419,294.09,61,100,4.75,TW,1733723352
304,red bluff,40.1785,-122.2358,282.22,43,0,3.09,US,1733723353
305,cedartown,34.0537,-85.255,282.48,94,100,3.41,US,1733723354
306,kodiak,57.79,-152.4072,278.88,100,100,9.77,US,1733723355
307,san julian,21.0167,-102.1667,287.32,63,85,2.33,MX,1733723356
308,arkhangel'sk,64.5401,40.5433,270.21,100,100,3.0,RU,1733723358
309,tazovsky,67.4667,78.7,260.42,92,100,7.1,RU,1733723359
310,gobabis,-22.45,18.9667,300.56,30,55,1.68,NA,1733723360
311,campo gallo,-26.5833,-62.85,288.12,96,100,1.92,AR,1733723361
312,emporia,38.4039,-96.1817,280.26,87,75,3.09,US,1733723362
313,kerema,-7.9631,145.7785,302.23,76,73,3.08,PG,1733723363
314,dongola,19.1667,30.4833,294.41,22,0,6.28,SD,1733723364
315,suoyarvi,62.0833,32.35,271.29,89,95,2.82,RU,1733723365
316,oban,56.4127,-5.4706,275.41,82,1,1.72,GB,1733723314
317,hami,42.8,93.45,270.86,50,95,2.67,CN,1733723367
318,holbrook,40.8123,-73.0784,281.34,66,7,2.2,US,1733723368
319,kununurra,-15.7667,128.7333,310.14,41,20,6.69,AU,1733723369
320,laguna,38.421,-121.4238,281.51,87,0,0.0,US,1733723370
321,porto velho,-8.7619,-63.9039,298.18,94,0,0.0,BR,1733723262
322,nassau,40.7507,-73.5829,279.63,74,9,1.9,US,1733723372
323,igarka,67.4667,86.5833,259.74,96,100,4.64,RU,1733723373
324,ketchikan,55.3422,-131.6461,277.41,91,100,2.06,US,1733723374
325,sinabang,2.4803,96.3801,302.02,70,98,2.13,ID,1733723375
326,gisborne,-38.6533,178.0042,292.54,79,80,5.45,NZ,1733723258
327,newnham,-41.3833,147.1333,292.68,55,20,9.26,AU,1733723378
328,oroqen zizhiqi,50.5667,123.7167,263.96,89,100,0.76,CN,1733723379
329,akjoujt,19.6969,-14.4164,292.22,12,100,4.72,MR,1733723380
330,kayyerkan,69.3786,87.7439,260.53,92,100,5.37,RU,1733723381
331,macas,-2.3167,-78.1167,292.51,98,99,0.69,EC,1733723382
332,atamanovka,51.93,113.63,268.39,77,65,4.71,RU,1733723383
333,weno,7.4515,151.8468,304.12,74,75,3.09,FM,1733723384
334,mastic beach,40.7668,-72.8521,281.7,78,0,1.79,US,1733723385
335,piti village,13.4626,144.6933,303.64,71,40,5.14,GU,1733723386
336,kaohsiung,22.6163,120.3133,299.12,71,40,4.12,TW,1733723387
337,general acha,-37.377,-64.6043,289.21,63,77,8.71,AR,1733723387
338,el alto,-4.2714,-81.2147,293.35,76,73,6.05,PE,1733723389
339,whistler,50.1164,-122.9695,267.0,94,18,0.64,CA,1733723390
340,puerto cabezas,14.0351,-83.3888,296.72,94,4,2.66,NI,1733723102
341,avarua,-21.2078,-159.775,298.18,94,20,4.12,CK,1733723392
342,huarmey,-10.0681,-78.1522,292.84,88,76,3.4,PE,1733723393
343,khandyga,62.6667,135.6,243.27,100,99,0.72,RU,1733723394
344,russellville,35.2784,-93.1338,283.23,93,100,0.0,US,1733723369
345,morehead city,34.7229,-76.726,285.93,74,100,1.79,US,1733723397
346,zimovniki,47.1483,42.4633,275.23,68,100,7.26,RU,1733723398
347,wangkui,46.8333,126.5,263.81,90,100,1.67,CN,1733723399
348,jurm,36.8648,70.8342,267.74,38,11,1.93,AF,1733723400
349,taunggyi,20.7833,97.0333,297.92,49,29,4.06,MM,1733723401
350,hakui,36.8833,136.7833,279.96,69,95,1.74,JP,1733723402
351,virginia,37.5481,-77.4467,283.73,72,67,1.77,US,1733723403
352,orcopampa,-15.2661,-72.3417,279.59,97,100,2.68,PE,1733723404
353,thongwa,16.7619,96.5278,305.32,49,23,2.3,MM,1733723406
354,septemvri,42.2167,24.1,278.67,91,96,0.85,BG,1733723407
355,carutapera,-1.195,-46.02,298.53,87,69,3.32,BR,1733723408
356,udangudi,8.4333,78.0167,302.73,62,62,5.79,IN,1733723409
357,chernyshevskiy,63.0128,112.4714,238.2,100,65,1.14,RU,1733723410
358,xiongzhou,25.1167,114.3,291.49,42,37,1.27,CN,1733723411
359,kavieng,-2.5744,150.7967,302.6,72,44,3.93,PG,1733723412
360,cidade velha,14.9167,-23.6167,296.41,78,20,3.6,CV,1733723413
361,flin flon,54.7682,-101.865,262.47,94,98,1.25,CA,1733723415
362,chos malal,-37.3781,-70.2709,285.96,25,4,3.3,AR,1733723416
363,bengkulu,-3.8004,102.2655,302.86,70,39,7.31,ID,1733723417
364,jeddah,21.5169,39.2192,298.07,73,0,1.54,SA,1733723224
365,porto novo,6.4965,2.6036,298.05,66,31,1.93,BJ,1733723419
366,balykchy,42.4557,76.1861,266.69,34,0,3.27,KG,1733723420
367,arenapolis,-14.4503,-56.8461,295.39,84,51,1.48,BR,1733723421
368,queanbeyan,-35.35,149.2333,296.09,51,100,2.57,AU,1733723422
369,camiri,-20.05,-63.5167,290.11,98,100,0.85,BO,1733723423
370,ji'an,27.1172,114.9793,287.54,42,33,1.99,CN,1733723424
371,tsiombe,-25.3,45.4833,301.3,53,29,7.05,MG,1733723425
372,hit,33.6416,42.8251,288.02,53,0,5.55,IQ,1733723426
373,tazacorte,28.629,-17.9293,291.69,72,100,5.66,ES,1733723427
374,izazi,-7.2,35.7333,299.32,66,70,0.09,TZ,1733723428
375,aioun,16.6614,-9.6149,290.87,18,72,4.93,MR,1733723429
376,shagonar,51.5333,92.8,262.52,87,87,1.0,RU,1733723430
377,nuuk,64.1835,-51.7216,270.49,93,100,11.32,GL,1733723431
378,zhob,31.3411,69.4481,281.3,13,0,1.73,PK,1733723432
379,suntar,62.1444,117.6319,250.63,94,96,2.85,RU,1733723433
380,saacow,1.6279,42.4407,303.49,46,17,7.53,SO,1733723434
381,sinop,41.7711,34.8709,281.38,81,79,6.06,TR,1733723436
382,sena madureira,-9.0656,-68.6569,294.56,99,99,0.93,BR,1733723437
383,el bauga,18.262,33.9081,296.76,61,36,6.27,SD,1733723438
384,port saint john's,-31.6229,29.5448,298.71,72,63,1.35,ZA,1733723439
385,fortaleza,-3.7227,-38.5247,300.49,89,75,2.57,BR,1733723400
386,howard springs,-12.497,131.047,306.1,51,92,4.1,AU,1733723441
387,wiesenburg,52.1167,12.45,274.93,97,100,3.42,DE,1733723442
388,kalmeshwar,21.2333,78.9,298.94,27,62,3.52,IN,1733723443
389,yanykurgan,43.915,67.2481,269.37,52,2,0.25,KZ,1733723444
390,uzhur,55.3036,89.8339,257.18,90,49,0.56,RU,1733723445
391,yurty,56.0498,97.6348,258.99,85,100,4.46,RU,1733723446
392,crane,31.3974,-102.3501,285.63,33,0,5.06,US,1733723448
393,xining,36.6167,101.7667,268.81,63,100,1.08,CN,1733723450
394,dalandzadgad,43.5708,104.425,267.7,53,13,2.34,MN,1733723451
395,selfoss,63.9331,-20.9971,280.4,100,100,4.79,IS,1733723452
396,idri,27.5,13.2667,281.59,35,27,1.58,LY,1733723453
397,toliara,-23.35,43.6667,303.69,54,0,3.72,MG,1733723454
398,khamis mushait,18.3064,42.7292,287.73,25,0,0.0,SA,1733723455
399,magadan,59.5667,150.8,263.69,74,91,5.06,RU,1733723456
400,buala,-8.145,159.5921,302.14,75,35,1.21,SB,1733723457
401,nar'yan-mar,67.6713,53.087,267.71,95,100,6.79,RU,1733723458
402,el nido,11.1858,119.3956,302.23,79,73,8.23,PH,1733723459
403,ad dabbah,18.05,30.95,294.97,22,31,5.76,SD,1733723460
404,lubang,13.8584,120.124,301.3,81,100,13.2,PH,1733723461
405,champerico,14.3,-91.9167,298.43,78,70,2.34,GT,1733723462
406,codrington,-38.2667,141.9667,290.42,61,14,7.58,AU,1733723463
407,kapa'a,22.0752,-159.319,296.33,93,75,3.6,US,1733723464
408,campos do jordao,-22.7394,-45.5914,287.01,95,100,0.6,BR,1733723465
409,kerikeri,-35.2268,173.9474,290.36,96,100,2.31,NZ,1733723466
410,dryden,49.7833,-92.7503,265.31,86,100,4.63,CA,1733723467
411,yazman,29.1212,71.7446,293.1,17,0,1.75,PK,1733723468
412,christchurch,-43.5333,172.6333,298.26,23,75,3.09,NZ,1733723285
413,hilo,19.7297,-155.09,297.0,86,75,1.54,US,1733723471
414,uray,60.1247,64.7758,264.97,84,100,4.37,RU,1733723472
415,victoria point,-27.5833,153.3,302.73,73,30,1.34,AU,1733723473
416,ixtapa,20.7,-105.2,296.61,82,100,1.28,MX,1733723474
417,kasese,0.1833,30.0833,296.77,52,26,1.53,UG,1733723475
418,palikir - national government center,6.9248,158.1611,304.56,70,100,3.09,FM,1733723476
419,vilyuysk,63.7553,121.6247,249.3,99,100,1.34,RU,1733723477
420,afaahiti,-17.75,-149.2833,298.49,82,98,8.88,PF,1733723478
421,queenstown,-31.8976,26.8753,292.7,70,86,0.92,ZA,1733723479
422,khatra,22.9833,86.85,298.86,39,82,3.54,IN,1733723480
423,nguigmi,14.2495,13.1092,291.53,27,81,5.79,NE,1733723481
424,kahama,-3.8333,32.6,293.19,80,96,1.33,TZ,1733723482
425,whangarei,-35.7317,174.3239,290.53,98,100,3.23,NZ,1733723483
426,roma,43.2128,-75.4557,275.74,96,100,0.45,US,1733723477
427,korsakov,46.6328,142.7813,267.06,58,56,9.07,RU,1733723485
428,bodo,67.28,14.405,277.17,78,75,14.4,NO,1733723399
429,brazzaville,-4.2658,15.2832,296.69,91,57,0.7,CG,1733723370
430,novyy urengoy,66.0833,76.6333,259.82,91,100,7.23,RU,1733723489
431,ban houayxay,20.2453,100.4547,303.71,46,14,1.58,LA,1733723490
432,nanao,37.05,136.9667,280.54,71,84,1.96,JP,1733723491
433,dudinka,69.4058,86.1778,260.52,95,100,5.7,RU,1733723492
434,ciudad lazaro cardenas,17.9583,-102.2,296.55,91,89,1.96,MX,1733723493
435,inirida,3.8653,-67.9239,296.79,86,50,0.97,CO,1733723494
436,taroa,8.7058,171.2275,301.08,72,57,10.32,MH,1733723495
437,saint clair,38.55,-89.9168,282.77,96,100,3.6,US,1733723496
438,thakhek,17.4103,104.8307,301.21,38,63,1.93,LA,1733723497
439,kiruna,67.8557,20.2251,270.66,69,100,7.72,SE,1733723498
440,mohale's hoek,-30.1514,27.4769,297.53,42,28,4.36,LS,1733723499
441,bandarbeyla,9.4942,50.8122,299.66,65,53,10.18,SO,1733723500
442,odda,60.0691,6.5457,270.99,50,28,2.39,NO,1733723501
443,hailar,49.2,119.7,262.27,93,100,2.81,CN,1733723502
444,primero de mayo,-32.2552,-58.4228,284.72,69,9,2.73,AR,1733723504
445,santiago,-33.4569,-70.6483,287.84,59,0,0.89,CL,1733723267
446,illizi,26.4833,8.4667,284.96,19,12,1.17,DZ,1733723506
447,okhotsk,59.3833,143.3,260.22,76,100,8.0,RU,1733723507
448,sandakan,5.8402,118.1179,301.97,83,40,3.13,MY,1733723509
449,paramonga,-10.6667,-77.8333,292.5,89,77,2.7,PE,1733723510
450,cerro largo,-28.1486,-54.7381,289.15,82,90,3.44,BR,1733723511
451,vernon,50.2581,-119.2691,275.06,85,81,0.51,CA,1733723512
452,bardai,11.65,7.2333,287.42,29,5,4.34,NG,1733723513
453,maceio,-9.6658,-35.7353,296.84,94,20,2.06,BR,1733723478
454,hacienda huancane,-15.8222,-70.8856,278.83,74,100,1.62,PE,1733723515
455,prince rupert,54.3161,-130.3201,277.98,93,100,4.12,CA,1733723516
456,coahuayana de hidalgo,18.7,-103.6583,295.86,93,84,1.68,MX,1733723518
457,mwinilunga,-11.7358,24.4293,290.67,94,100,1.1,ZM,1733723519
458,pangody,65.85,74.4859,259.52,91,94,7.6,RU,1733723520
459,taitung city,22.7583,121.1444,296.3,68,75,7.2,TW,1733723521
460,itoman,26.1247,127.6694,293.37,52,40,3.6,JP,1733723522
461,arvayheer,46.2639,102.775,267.34,35,62,1.28,MN,1733723523
462,polokwane,-23.9045,29.4688,297.44,53,34,0.9,ZA,1733723524
463,kourou,5.1552,-52.6478,296.46,95,40,1.62,GF,1733723525
464,varva,50.495,32.7197,275.07,90,100,4.45,UA,1733723475
465,mbanza kongo,-6.267,14.2401,294.8,95,78,0.92,AO,1733723528
466,labrador city,52.9463,-66.9114,258.81,80,100,1.54,CA,1733723529
467,nogliki,51.8333,143.1667,263.56,80,100,10.23,RU,1733723530
468,huicungo,-7.2833,-76.8,295.33,99,100,0.64,PE,1733723531
469,rehoboth,-23.3167,17.0833,301.97,25,61,0.9,NA,1733723532
470,magalia,39.8121,-121.5783,279.63,39,0,3.52,US,1733723533
471,ballina,-28.8667,153.5667,299.77,78,49,2.32,AU,1733723534
472,fada,7.25,4.0667,293.28,42,15,1.58,NG,1733723535
473,severoural'sk,60.1533,59.952,266.25,72,100,3.96,RU,1733723536
474,sept-iles,50.2001,-66.3821,268.15,92,100,4.12,CA,1733723253
475,bathsheba,13.2167,-59.5167,300.49,74,40,8.75,BB,1733723538
476,san angelo,31.4638,-100.437,284.27,82,0,5.14,US,1733723539
477,maintirano,-18.0667,44.0167,303.04,71,58,2.6,MG,1733723540
478,palu,-0.8917,119.8707,305.76,61,83,2.65,ID,1733723541
479,mandi bahauddin,32.5834,73.4843,292.53,9,0,3.99,PK,1733723542
480,wielen,52.8946,16.1714,276.16,97,100,3.27,PL,1733723543
481,fort bragg,35.139,-79.006,284.9,54,100,3.09,US,1733723544
482,villa gesell,-37.2639,-56.973,282.72,72,56,4.9,AR,1733723506
483,ubari,26.5921,12.7805,283.91,32,30,2.78,LY,1733723546
484,wabag,-5.4781,143.7021,291.09,93,81,1.39,PG,1733723549
485,mana,5.6592,-53.7767,297.13,93,37,3.0,GF,1733723550
486,westport,41.1415,-73.3579,278.55,75,21,2.64,US,1733723551
487,thunder bay,48.4001,-89.3168,269.14,93,100,8.75,CA,1733723553
488,hamilton,39.1834,-84.5333,283.94,91,100,5.14,US,1733723290
489,skikda,36.8762,6.9092,283.42,78,52,7.26,DZ,1733723570
490,fujin,47.26,132.0322,263.76,85,16,4.14,CN,1733723571
491,tabou,4.423,-7.3528,298.8,82,43,1.4,CI,1733723572
492,cururupu,-1.8283,-44.8683,297.64,89,85,1.21,BR,1733723490
493,calingasta,-31.3308,-69.4078,288.68,44,0,1.97,AR,1733723574
494,kelme,55.6339,22.9342,274.21,96,100,5.12,LT,1733723575
495,ambon,-3.6954,128.1814,305.23,100,20,1.54,ID,1733723576
496,cabanas,22.9758,-82.9219,292.77,80,31,3.35,CU,1733723577
497,waynesboro,38.0685,-78.8895,279.91,81,78,2.31,US,1733723353
498,bikenibeu village,1.3673,173.1241,301.13,89,75,5.66,KI,1733723579
499,coari,-4.085,-63.1414,296.34,98,99,0.82,BR,1733723580
500,mokolo,10.7398,13.8019,291.87,38,79,2.21,CM,1733723581
501,cannonvale,-20.2833,148.7,300.81,63,70,4.42,AU,1733723509
502,senador jose porfirio,-2.5908,-51.9542,296.79,92,29,0.91,BR,1733723583
503,zhengjiatun,43.5064,123.5064,271.9,50,40,2.4,CN,1733723585
504,black forest,39.0131,-104.7008,273.95,58,0,1.79,US,1733723586
505,salavan,15.7167,106.4167,303.64,44,87,1.58,LA,1733723587
506,mahina,-17.5065,-149.489,302.02,58,0,4.63,PF,1733723588
507,ingeniero guillermo n. juarez,-23.9,-61.85,289.93,96,100,2.26,AR,1733723589
508,glace bay,46.1969,-59.957,275.45,95,40,3.09,CA,1733723590
509,nuku'alofa,-21.1333,-175.2,301.34,83,20,5.14,TO,1733723591
510,patterson,37.4716,-121.1297,282.12,91,2,1.43,US,1733723592
511,suva,-18.1416,178.4415,302.86,74,75,4.12,FJ,1733723593
512,bouafle,6.9904,-5.7442,293.52,57,70,0.47,CI,1733723594
513,bulayevo,54.9056,70.4439,253.56,98,86,2.8,KZ,1733723596
514,dumai,1.6833,101.45,297.91,95,100,2.11,ID,1733723597
515,panama city,8.9936,-79.5197,299.36,89,75,1.03,PA,1733723598
516,al kut,32.5147,45.819,292.78,23,0,2.95,IQ,1733723599
517,ivdel',60.6911,60.4206,266.87,79,100,2.17,RU,1733723600
518,swan hill,-35.3378,143.5544,300.81,21,69,4.1,AU,1733723601
519,mandera,3.9366,41.867,303.71,28,85,6.81,KE,1733723602
520,poronaysk,49.2167,143.1167,264.15,70,15,5.67,RU,1733723603
521,ust'-ilimsk,58.0006,102.6619,256.97,90,94,3.75,RU,1733723604
522,zhigalovo,54.8097,105.1578,263.63,87,100,4.15,RU,1733723605
523,svatove,49.4103,38.1503,275.03,85,100,5.95,UA,1733723606
524,jinchang,38.4953,102.1739,269.07,47,100,1.62,CN,1733723607
525,gazojak,41.1875,61.4036,272.73,36,18,7.75,TM,1733723609
526,sungai penuh,-2.0833,101.3833,300.6,52,77,3.91,ID,1733723611
527,pombas,17.1503,-25.0201,291.44,65,47,6.34,CV,1733723612
528,tarauaca,-8.1614,-70.7656,294.26,99,100,0.62,BR,1733723614
529,morondava,-20.2833,44.2833,303.99,67,3,4.67,MG,1733723615
530,leticia,-4.2153,-69.9406,297.18,100,100,3.09,CO,1733723616
531,kolwezi,-10.7148,25.4667,288.73,97,100,2.3,CD,1733723617
532,navapolatsk,55.5363,28.6424,273.45,96,100,1.63,BY,1733723618
533,manaus,-3.1019,-60.025,300.42,74,0,1.03,BR,1733723500
534,nanning,22.8167,108.3167,290.4,48,100,2.85,CN,1733723620
535,kizhinga,51.8462,109.9097,265.99,81,100,2.52,RU,1733723621
536,saldanha,-33.0117,17.9442,290.18,74,10,4.13,ZA,1733723622
537,kimbe,-5.5502,150.1429,301.88,82,91,1.03,PG,1733723623
538,hartland,43.105,-88.342,278.61,88,100,2.06,US,1733723624
539,kingston,17.997,-76.7936,297.68,94,20,0.51,JM,1733723625
540,muriti,-1.9833,32.9167,296.3,70,61,7.05,TZ,1733723626
541,broken hill,-31.95,141.4333,300.38,22,100,3.17,AU,1733723627
542,parkano,62.0167,23.0167,268.27,98,78,1.87,FI,1733723630
543,vikhorevka,56.1201,101.1636,259.17,86,100,5.21,RU,1733723631
544,stepnogorsk,52.3544,71.8869,253.43,97,94,1.09,KZ,1733723632
545,itanagar,27.1,93.6167,295.56,39,0,2.08,IN,1733723633
546,baiyin,36.5583,104.2081,271.31,49,100,2.73,CN,1733723634
547,nova sintra,14.8667,-24.7167,297.94,71,45,3.46,CV,1733723635
548,port lincoln,-34.7333,135.8667,293.39,61,37,5.21,AU,1733723636
549,ciudad bolivar,8.1222,-63.5497,298.15,73,20,3.85,VE,1733723638
550,krivosheino,57.3431,83.9261,258.01,92,78,3.09,RU,1733723639
551,borogontsy,62.6683,131.1683,240.11,100,96,1.6,RU,1733723640
552,beledweyne,4.7358,45.2036,301.94,40,50,8.43,SO,1733723641
553,dadukou,26.5479,101.7054,294.52,48,4,2.42,CN,1733723642
554,qal'ah-ye shahr,35.5473,65.5676,272.85,9,1,2.68,AF,1733723643
555,quibala,-10.7337,14.98,290.93,97,99,0.96,AO,1733723644
556,nizhneangarsk,55.7833,109.55,264.04,62,77,3.88,RU,1733723645
557,santa terezinha,-29.9002,-50.0904,291.73,72,100,3.81,BR,1733723647
558,bahraigh,27.5833,81.6,296.1,34,46,1.04,IN,1733723648
559,socorro,31.6546,-106.3033,287.25,32,20,4.63,US,1733723649
560,formosa do rio preto,-11.0483,-45.1931,298.12,50,97,0.92,BR,1733723651
561,ola,59.5833,151.2833,262.2,78,95,5.45,RU,1733723652
562,kiffa,16.6166,-11.4045,291.78,15,91,4.34,MR,1733723653
563,saryozek,44.3583,77.9753,263.96,72,56,1.81,KZ,1733723654
564,tsengel,49.4783,100.8894,264.9,49,60,1.77,MN,1733723655
565,avanigadda,16.0215,80.9181,305.9,53,84,2.42,IN,1733723656
566,isola delle femmine,38.1935,13.2488,285.12,76,40,8.23,IT,1733723657
567,hastings,50.8552,0.5729,280.25,65,99,11.86,GB,1733723658
568,mont-laurier,46.5501,-75.4993,261.6,96,80,0.99,CA,1733723659
569,belmonte,-15.8631,-38.8828,296.92,92,30,2.87,BR,1733723662
570,bridgewater,44.3835,-64.5155,275.97,88,67,3.6,CA,1733723663
571,gorontalo,0.5412,123.0595,304.56,62,100,1.85,ID,1733723664
